Dataset,Rep,Depth,Tool,LengthBin,Truth,TP,Recall,tool_display
human_U_10000,rep1,sequencing_10X,CircleSeeker,<1kb,5804,5484,0.9449,CircleSeeker
human_U_10000,rep2,sequencing_10X,CircleSeeker,<1kb,5826,5482,0.941,CircleSeeker
human_U_10000,rep3,sequencing_10X,CircleSeeker,<1kb,5842,5507,0.9427,CircleSeeker
human_U_10000,rep1,sequencing_10X,CircleSeeker,1-5kb,3558,3397,0.9547,CircleSeeker
human_U_10000,rep2,sequencing_10X,CircleSeeker,1-5kb,3574,3401,0.9516,CircleSeeker
human_U_10000,rep3,sequencing_10X,CircleSeeker,1-5kb,3562,3399,0.9542,CircleSeeker
human_U_10000,rep1,sequencing_10X,CircleSeeker,5-50kb,361,291,0.8061,CircleSeeker
human_U_10000,rep2,sequencing_10X,CircleSeeker,5-50kb,326,258,0.7914,CircleSeeker
human_U_10000,rep3,sequencing_10X,CircleSeeker,5-50kb,354,281,0.7938,CircleSeeker
human_U_10000,rep1,sequencing_10X,CircleSeeker,>50kb,277,172,0.6209,CircleSeeker
human_U_10000,rep2,sequencing_10X,CircleSeeker,>50kb,274,175,0.6387,CircleSeeker
human_U_10000,rep3,sequencing_10X,CircleSeeker,>50kb,242,158,0.6529,CircleSeeker
human_U_10000,rep1,sequencing_10X,CReSIL_HiFi,<1kb,5804,3841,0.6618,CReSIL-HiFi (author-created HiFi adaptation)
human_U_10000,rep2,sequencing_10X,CReSIL_HiFi,<1kb,5826,3800,0.6522,CReSIL-HiFi (author-created HiFi adaptation)
human_U_10000,rep3,sequencing_10X,CReSIL_HiFi,<1kb,5842,3828,0.6553,CReSIL-HiFi (author-created HiFi adaptation)
human_U_10000,rep1,sequencing_10X,CReSIL_HiFi,1-5kb,3558,2369,0.6658,CReSIL-HiFi (author-created HiFi adaptation)
human_U_10000,rep2,sequencing_10X,CReSIL_HiFi,1-5kb,3574,2318,0.6486,CReSIL-HiFi (author-created HiFi adaptation)
human_U_10000,rep3,sequencing_10X,CReSIL_HiFi,1-5kb,3562,2284,0.6412,CReSIL-HiFi (author-created HiFi adaptation)
human_U_10000,rep1,sequencing_10X,CReSIL_HiFi,5-50kb,361,268,0.7424,CReSIL-HiFi (author-created HiFi adaptation)
human_U_10000,rep2,sequencing_10X,CReSIL_HiFi,5-50kb,326,243,0.7454,CReSIL-HiFi (author-created HiFi adaptation)
human_U_10000,rep3,sequencing_10X,CReSIL_HiFi,5-50kb,354,248,0.7006,CReSIL-HiFi (author-created HiFi adaptation)
human_U_10000,rep1,sequencing_10X,CReSIL_HiFi,>50kb,277,176,0.6354,CReSIL-HiFi (author-created HiFi adaptation)
human_U_10000,rep2,sequencing_10X,CReSIL_HiFi,>50kb,274,176,0.6423,CReSIL-HiFi (author-created HiFi adaptation)
human_U_10000,rep3,sequencing_10X,CReSIL_HiFi,>50kb,242,158,0.6529,CReSIL-HiFi (author-created HiFi adaptation)
human_U_10000,rep1,sequencing_10X,CReSIL,<1kb,5804,2651,0.4568,CReSIL
human_U_10000,rep2,sequencing_10X,CReSIL,<1kb,5826,2646,0.4542,CReSIL
human_U_10000,rep3,sequencing_10X,CReSIL,<1kb,5842,2627,0.4497,CReSIL
human_U_10000,rep1,sequencing_10X,CReSIL,1-5kb,3558,2260,0.6352,CReSIL
human_U_10000,rep2,sequencing_10X,CReSIL,1-5kb,3574,2174,0.6083,CReSIL
human_U_10000,rep3,sequencing_10X,CReSIL,1-5kb,3562,2171,0.6095,CReSIL
human_U_10000,rep1,sequencing_10X,CReSIL,5-50kb,361,250,0.6925,CReSIL
human_U_10000,rep2,sequencing_10X,CReSIL,5-50kb,326,211,0.6472,CReSIL
human_U_10000,rep3,sequencing_10X,CReSIL,5-50kb,354,227,0.6412,CReSIL
human_U_10000,rep1,sequencing_10X,CReSIL,>50kb,277,157,0.5668,CReSIL
human_U_10000,rep2,sequencing_10X,CReSIL,>50kb,274,152,0.5547,CReSIL
human_U_10000,rep3,sequencing_10X,CReSIL,>50kb,242,138,0.5702,CReSIL
human_U_10000,rep1,sequencing_10X,eccDNA_RCA,<1kb,5804,4222,0.7274,eccDNA_RCA_nanopore
human_U_10000,rep2,sequencing_10X,eccDNA_RCA,<1kb,5826,4161,0.7142,eccDNA_RCA_nanopore
human_U_10000,rep3,sequencing_10X,eccDNA_RCA,<1kb,5842,4252,0.7278,eccDNA_RCA_nanopore
human_U_10000,rep1,sequencing_10X,eccDNA_RCA,1-5kb,3558,3076,0.8645,eccDNA_RCA_nanopore
human_U_10000,rep2,sequencing_10X,eccDNA_RCA,1-5kb,3574,3036,0.8495,eccDNA_RCA_nanopore
human_U_10000,rep3,sequencing_10X,eccDNA_RCA,1-5kb,3562,2995,0.8408,eccDNA_RCA_nanopore
human_U_10000,rep1,sequencing_10X,eccDNA_RCA,5-50kb,361,93,0.2576,eccDNA_RCA_nanopore
human_U_10000,rep2,sequencing_10X,eccDNA_RCA,5-50kb,326,65,0.1994,eccDNA_RCA_nanopore
human_U_10000,rep3,sequencing_10X,eccDNA_RCA,5-50kb,354,82,0.2316,eccDNA_RCA_nanopore
human_U_10000,rep1,sequencing_10X,eccDNA_RCA,>50kb,277,0,0.0,eccDNA_RCA_nanopore
human_U_10000,rep2,sequencing_10X,eccDNA_RCA,>50kb,274,0,0.0,eccDNA_RCA_nanopore
human_U_10000,rep3,sequencing_10X,eccDNA_RCA,>50kb,242,0,0.0,eccDNA_RCA_nanopore
human_U_10000,rep1,sequencing_10X,CircleMap,<1kb,5804,18,0.0031,Circle-Map
human_U_10000,rep2,sequencing_10X,CircleMap,<1kb,5826,20,0.0034,Circle-Map
human_U_10000,rep3,sequencing_10X,CircleMap,<1kb,5842,31,0.0053,Circle-Map
human_U_10000,rep1,sequencing_10X,CircleMap,1-5kb,3558,733,0.206,Circle-Map
human_U_10000,rep2,sequencing_10X,CircleMap,1-5kb,3574,714,0.1998,Circle-Map
human_U_10000,rep3,sequencing_10X,CircleMap,1-5kb,3562,715,0.2007,Circle-Map
human_U_10000,rep1,sequencing_10X,CircleMap,5-50kb,361,206,0.5706,Circle-Map
human_U_10000,rep2,sequencing_10X,CircleMap,5-50kb,326,193,0.592,Circle-Map
human_U_10000,rep3,sequencing_10X,CircleMap,5-50kb,354,208,0.5876,Circle-Map
human_U_10000,rep1,sequencing_10X,CircleMap,>50kb,277,158,0.5704,Circle-Map
human_U_10000,rep2,sequencing_10X,CircleMap,>50kb,274,159,0.5803,Circle-Map
human_U_10000,rep3,sequencing_10X,CircleMap,>50kb,242,140,0.5785,Circle-Map
human_U_10000,rep1,sequencing_10X,ecc_finder,<1kb,5804,16,0.0028,ecc_finder
human_U_10000,rep2,sequencing_10X,ecc_finder,<1kb,5826,19,0.0033,ecc_finder
human_U_10000,rep3,sequencing_10X,ecc_finder,<1kb,5842,30,0.0051,ecc_finder
human_U_10000,rep1,sequencing_10X,ecc_finder,1-5kb,3558,616,0.1731,ecc_finder
human_U_10000,rep2,sequencing_10X,ecc_finder,1-5kb,3574,593,0.1659,ecc_finder
human_U_10000,rep3,sequencing_10X,ecc_finder,1-5kb,3562,599,0.1682,ecc_finder
human_U_10000,rep1,sequencing_10X,ecc_finder,5-50kb,361,100,0.277,ecc_finder
human_U_10000,rep2,sequencing_10X,ecc_finder,5-50kb,326,92,0.2822,ecc_finder
human_U_10000,rep3,sequencing_10X,ecc_finder,5-50kb,354,77,0.2175,ecc_finder
human_U_10000,rep1,sequencing_10X,ecc_finder,>50kb,277,73,0.2635,ecc_finder
human_U_10000,rep2,sequencing_10X,ecc_finder,>50kb,274,90,0.3285,ecc_finder
human_U_10000,rep3,sequencing_10X,ecc_finder,>50kb,242,76,0.314,ecc_finder
human_U_10000,rep1,sequencing_30X,CircleSeeker,<1kb,5804,5734,0.9879,CircleSeeker
human_U_10000,rep2,sequencing_30X,CircleSeeker,<1kb,5826,5778,0.9918,CircleSeeker
human_U_10000,rep3,sequencing_30X,CircleSeeker,<1kb,5842,5773,0.9882,CircleSeeker
human_U_10000,rep1,sequencing_30X,CircleSeeker,1-5kb,3558,3540,0.9949,CircleSeeker
human_U_10000,rep2,sequencing_30X,CircleSeeker,1-5kb,3574,3548,0.9927,CircleSeeker
human_U_10000,rep3,sequencing_30X,CircleSeeker,1-5kb,3562,3529,0.9907,CircleSeeker
human_U_10000,rep1,sequencing_30X,CircleSeeker,5-50kb,361,338,0.9363,CircleSeeker
human_U_10000,rep2,sequencing_30X,CircleSeeker,5-50kb,326,299,0.9172,CircleSeeker
human_U_10000,rep3,sequencing_30X,CircleSeeker,5-50kb,354,332,0.9379,CircleSeeker
human_U_10000,rep1,sequencing_30X,CircleSeeker,>50kb,277,244,0.8809,CircleSeeker
human_U_10000,rep2,sequencing_30X,CircleSeeker,>50kb,274,235,0.8577,CircleSeeker
human_U_10000,rep3,sequencing_30X,CircleSeeker,>50kb,242,211,0.8719,CircleSeeker
human_U_10000,rep1,sequencing_30X,CReSIL_HiFi,<1kb,5804,5176,0.8918,CReSIL-HiFi (author-created HiFi adaptation)
human_U_10000,rep2,sequencing_30X,CReSIL_HiFi,<1kb,5826,5152,0.8843,CReSIL-HiFi (author-created HiFi adaptation)
human_U_10000,rep3,sequencing_30X,CReSIL_HiFi,<1kb,5842,5215,0.8927,CReSIL-HiFi (author-created HiFi adaptation)
human_U_10000,rep1,sequencing_30X,CReSIL_HiFi,1-5kb,3558,3246,0.9123,CReSIL-HiFi (author-created HiFi adaptation)
human_U_10000,rep2,sequencing_30X,CReSIL_HiFi,1-5kb,3574,3208,0.8976,CReSIL-HiFi (author-created HiFi adaptation)
human_U_10000,rep3,sequencing_30X,CReSIL_HiFi,1-5kb,3562,3244,0.9107,CReSIL-HiFi (author-created HiFi adaptation)
human_U_10000,rep1,sequencing_30X,CReSIL_HiFi,5-50kb,361,325,0.9003,CReSIL-HiFi (author-created HiFi adaptation)
human_U_10000,rep2,sequencing_30X,CReSIL_HiFi,5-50kb,326,285,0.8742,CReSIL-HiFi (author-created HiFi adaptation)
human_U_10000,rep3,sequencing_30X,CReSIL_HiFi,5-50kb,354,319,0.9011,CReSIL-HiFi (author-created HiFi adaptation)
human_U_10000,rep1,sequencing_30X,CReSIL_HiFi,>50kb,277,245,0.8845,CReSIL-HiFi (author-created HiFi adaptation)
human_U_10000,rep2,sequencing_30X,CReSIL_HiFi,>50kb,274,236,0.8613,CReSIL-HiFi (author-created HiFi adaptation)
human_U_10000,rep3,sequencing_30X,CReSIL_HiFi,>50kb,242,209,0.8636,CReSIL-HiFi (author-created HiFi adaptation)
human_U_10000,rep1,sequencing_30X,CReSIL,<1kb,5804,4402,0.7584,CReSIL
human_U_10000,rep2,sequencing_30X,CReSIL,<1kb,5826,4323,0.742,CReSIL
human_U_10000,rep3,sequencing_30X,CReSIL,<1kb,5842,4391,0.7516,CReSIL
human_U_10000,rep1,sequencing_30X,CReSIL,1-5kb,3558,3184,0.8949,CReSIL
human_U_10000,rep2,sequencing_30X,CReSIL,1-5kb,3574,3141,0.8788,CReSIL
human_U_10000,rep3,sequencing_30X,CReSIL,1-5kb,3562,3160,0.8871,CReSIL
human_U_10000,rep1,sequencing_30X,CReSIL,5-50kb,361,324,0.8975,CReSIL
human_U_10000,rep2,sequencing_30X,CReSIL,5-50kb,326,279,0.8558,CReSIL
human_U_10000,rep3,sequencing_30X,CReSIL,5-50kb,354,314,0.887,CReSIL
human_U_10000,rep1,sequencing_30X,CReSIL,>50kb,277,234,0.8448,CReSIL
human_U_10000,rep2,sequencing_30X,CReSIL,>50kb,274,228,0.8321,CReSIL
human_U_10000,rep3,sequencing_30X,CReSIL,>50kb,242,203,0.8388,CReSIL
human_U_10000,rep1,sequencing_30X,eccDNA_RCA,<1kb,5804,4973,0.8568,eccDNA_RCA_nanopore
human_U_10000,rep2,sequencing_30X,eccDNA_RCA,<1kb,5826,4988,0.8562,eccDNA_RCA_nanopore
human_U_10000,rep3,sequencing_30X,eccDNA_RCA,<1kb,5842,5006,0.8569,eccDNA_RCA_nanopore
human_U_10000,rep1,sequencing_30X,eccDNA_RCA,1-5kb,3558,3421,0.9615,eccDNA_RCA_nanopore
human_U_10000,rep2,sequencing_30X,eccDNA_RCA,1-5kb,3574,3403,0.9522,eccDNA_RCA_nanopore
human_U_10000,rep3,sequencing_30X,eccDNA_RCA,1-5kb,3562,3394,0.9528,eccDNA_RCA_nanopore
human_U_10000,rep1,sequencing_30X,eccDNA_RCA,5-50kb,361,149,0.4127,eccDNA_RCA_nanopore
human_U_10000,rep2,sequencing_30X,eccDNA_RCA,5-50kb,326,118,0.362,eccDNA_RCA_nanopore
human_U_10000,rep3,sequencing_30X,eccDNA_RCA,5-50kb,354,133,0.3757,eccDNA_RCA_nanopore
human_U_10000,rep1,sequencing_30X,eccDNA_RCA,>50kb,277,0,0.0,eccDNA_RCA_nanopore
human_U_10000,rep2,sequencing_30X,eccDNA_RCA,>50kb,274,0,0.0,eccDNA_RCA_nanopore
human_U_10000,rep3,sequencing_30X,eccDNA_RCA,>50kb,242,0,0.0,eccDNA_RCA_nanopore
human_U_10000,rep1,sequencing_30X,CircleMap,<1kb,5804,4088,0.7043,Circle-Map
human_U_10000,rep2,sequencing_30X,CircleMap,<1kb,5826,4112,0.7058,Circle-Map
human_U_10000,rep3,sequencing_30X,CircleMap,<1kb,5842,4107,0.703,Circle-Map
human_U_10000,rep1,sequencing_30X,CircleMap,1-5kb,3558,3265,0.9177,Circle-Map
human_U_10000,rep2,sequencing_30X,CircleMap,1-5kb,3574,3265,0.9135,Circle-Map
human_U_10000,rep3,sequencing_30X,CircleMap,1-5kb,3562,3223,0.9048,Circle-Map
human_U_10000,rep1,sequencing_30X,CircleMap,5-50kb,361,320,0.8864,Circle-Map
human_U_10000,rep2,sequencing_30X,CircleMap,5-50kb,326,280,0.8589,Circle-Map
human_U_10000,rep3,sequencing_30X,CircleMap,5-50kb,354,309,0.8729,Circle-Map
human_U_10000,rep1,sequencing_30X,CircleMap,>50kb,277,234,0.8448,Circle-Map
human_U_10000,rep2,sequencing_30X,CircleMap,>50kb,274,227,0.8285,Circle-Map
human_U_10000,rep3,sequencing_30X,CircleMap,>50kb,242,202,0.8347,Circle-Map
human_U_10000,rep1,sequencing_30X,ecc_finder,<1kb,5804,1832,0.3156,ecc_finder
human_U_10000,rep2,sequencing_30X,ecc_finder,<1kb,5826,1869,0.3208,ecc_finder
human_U_10000,rep3,sequencing_30X,ecc_finder,<1kb,5842,1921,0.3288,ecc_finder
human_U_10000,rep1,sequencing_30X,ecc_finder,1-5kb,3558,1444,0.4058,ecc_finder
human_U_10000,rep2,sequencing_30X,ecc_finder,1-5kb,3574,1421,0.3976,ecc_finder
human_U_10000,rep3,sequencing_30X,ecc_finder,1-5kb,3562,1380,0.3874,ecc_finder
human_U_10000,rep1,sequencing_30X,ecc_finder,5-50kb,361,132,0.3657,ecc_finder
human_U_10000,rep2,sequencing_30X,ecc_finder,5-50kb,326,121,0.3712,ecc_finder
human_U_10000,rep3,sequencing_30X,ecc_finder,5-50kb,354,109,0.3079,ecc_finder
human_U_10000,rep1,sequencing_30X,ecc_finder,>50kb,277,148,0.5343,ecc_finder
human_U_10000,rep2,sequencing_30X,ecc_finder,>50kb,274,155,0.5657,ecc_finder
human_U_10000,rep3,sequencing_30X,ecc_finder,>50kb,242,147,0.6074,ecc_finder
human_U_10000,rep1,sequencing_50X,CircleSeeker,<1kb,5804,5757,0.9919,CircleSeeker
human_U_10000,rep2,sequencing_50X,CircleSeeker,<1kb,5826,5792,0.9942,CircleSeeker
human_U_10000,rep3,sequencing_50X,CircleSeeker,<1kb,5842,5807,0.994,CircleSeeker
human_U_10000,rep1,sequencing_50X,CircleSeeker,1-5kb,3558,3548,0.9972,CircleSeeker
human_U_10000,rep2,sequencing_50X,CircleSeeker,1-5kb,3574,3565,0.9975,CircleSeeker
human_U_10000,rep3,sequencing_50X,CircleSeeker,1-5kb,3562,3548,0.9961,CircleSeeker
human_U_10000,rep1,sequencing_50X,CircleSeeker,5-50kb,361,345,0.9557,CircleSeeker
human_U_10000,rep2,sequencing_50X,CircleSeeker,5-50kb,326,307,0.9417,CircleSeeker
human_U_10000,rep3,sequencing_50X,CircleSeeker,5-50kb,354,339,0.9576,CircleSeeker
human_U_10000,rep1,sequencing_50X,CircleSeeker,>50kb,277,246,0.8881,CircleSeeker
human_U_10000,rep2,sequencing_50X,CircleSeeker,>50kb,274,239,0.8723,CircleSeeker
human_U_10000,rep3,sequencing_50X,CircleSeeker,>50kb,242,216,0.8926,CircleSeeker
human_U_10000,rep1,sequencing_50X,CReSIL_HiFi,<1kb,5804,5318,0.9163,CReSIL-HiFi (author-created HiFi adaptation)
human_U_10000,rep2,sequencing_50X,CReSIL_HiFi,<1kb,5826,5310,0.9114,CReSIL-HiFi (author-created HiFi adaptation)
human_U_10000,rep3,sequencing_50X,CReSIL_HiFi,<1kb,5842,5360,0.9175,CReSIL-HiFi (author-created HiFi adaptation)
human_U_10000,rep1,sequencing_50X,CReSIL_HiFi,1-5kb,3558,3323,0.934,CReSIL-HiFi (author-created HiFi adaptation)
human_U_10000,rep2,sequencing_50X,CReSIL_HiFi,1-5kb,3574,3299,0.9231,CReSIL-HiFi (author-created HiFi adaptation)
human_U_10000,rep3,sequencing_50X,CReSIL_HiFi,1-5kb,3562,3320,0.9321,CReSIL-HiFi (author-created HiFi adaptation)
human_U_10000,rep1,sequencing_50X,CReSIL_HiFi,5-50kb,361,332,0.9197,CReSIL-HiFi (author-created HiFi adaptation)
human_U_10000,rep2,sequencing_50X,CReSIL_HiFi,5-50kb,326,295,0.9049,CReSIL-HiFi (author-created HiFi adaptation)
human_U_10000,rep3,sequencing_50X,CReSIL_HiFi,5-50kb,354,322,0.9096,CReSIL-HiFi (author-created HiFi adaptation)
human_U_10000,rep1,sequencing_50X,CReSIL_HiFi,>50kb,277,249,0.8989,CReSIL-HiFi (author-created HiFi adaptation)
human_U_10000,rep2,sequencing_50X,CReSIL_HiFi,>50kb,274,240,0.8759,CReSIL-HiFi (author-created HiFi adaptation)
human_U_10000,rep3,sequencing_50X,CReSIL_HiFi,>50kb,242,213,0.8802,CReSIL-HiFi (author-created HiFi adaptation)
human_U_10000,rep1,sequencing_50X,CReSIL,<1kb,5804,4792,0.8256,CReSIL
human_U_10000,rep2,sequencing_50X,CReSIL,<1kb,5826,4748,0.815,CReSIL
human_U_10000,rep3,sequencing_50X,CReSIL,<1kb,5842,4797,0.8211,CReSIL
human_U_10000,rep1,sequencing_50X,CReSIL,1-5kb,3558,3277,0.921,CReSIL
human_U_10000,rep2,sequencing_50X,CReSIL,1-5kb,3574,3238,0.906,CReSIL
human_U_10000,rep3,sequencing_50X,CReSIL,1-5kb,3562,3273,0.9189,CReSIL
human_U_10000,rep1,sequencing_50X,CReSIL,5-50kb,361,331,0.9169,CReSIL
human_U_10000,rep2,sequencing_50X,CReSIL,5-50kb,326,288,0.8834,CReSIL
human_U_10000,rep3,sequencing_50X,CReSIL,5-50kb,354,321,0.9068,CReSIL
human_U_10000,rep1,sequencing_50X,CReSIL,>50kb,277,241,0.87,CReSIL
human_U_10000,rep2,sequencing_50X,CReSIL,>50kb,274,240,0.8759,CReSIL
human_U_10000,rep3,sequencing_50X,CReSIL,>50kb,242,212,0.876,CReSIL
human_U_10000,rep1,sequencing_50X,eccDNA_RCA,<1kb,5804,5188,0.8939,eccDNA_RCA_nanopore
human_U_10000,rep2,sequencing_50X,eccDNA_RCA,<1kb,5826,5207,0.8938,eccDNA_RCA_nanopore
human_U_10000,rep3,sequencing_50X,eccDNA_RCA,<1kb,5842,5226,0.8946,eccDNA_RCA_nanopore
human_U_10000,rep1,sequencing_50X,eccDNA_RCA,1-5kb,3558,3464,0.9736,eccDNA_RCA_nanopore
human_U_10000,rep2,sequencing_50X,eccDNA_RCA,1-5kb,3574,3458,0.9675,eccDNA_RCA_nanopore
human_U_10000,rep3,sequencing_50X,eccDNA_RCA,1-5kb,3562,3449,0.9683,eccDNA_RCA_nanopore
human_U_10000,rep1,sequencing_50X,eccDNA_RCA,5-50kb,361,175,0.4848,eccDNA_RCA_nanopore
human_U_10000,rep2,sequencing_50X,eccDNA_RCA,5-50kb,326,132,0.4049,eccDNA_RCA_nanopore
human_U_10000,rep3,sequencing_50X,eccDNA_RCA,5-50kb,354,151,0.4266,eccDNA_RCA_nanopore
human_U_10000,rep1,sequencing_50X,eccDNA_RCA,>50kb,277,0,0.0,eccDNA_RCA_nanopore
human_U_10000,rep2,sequencing_50X,eccDNA_RCA,>50kb,274,0,0.0,eccDNA_RCA_nanopore
human_U_10000,rep3,sequencing_50X,eccDNA_RCA,>50kb,242,0,0.0,eccDNA_RCA_nanopore
human_U_10000,rep1,sequencing_50X,CircleMap,<1kb,5804,4491,0.7738,Circle-Map
human_U_10000,rep2,sequencing_50X,CircleMap,<1kb,5826,4474,0.7679,Circle-Map
human_U_10000,rep3,sequencing_50X,CircleMap,<1kb,5842,4487,0.7681,Circle-Map
human_U_10000,rep1,sequencing_50X,CircleMap,1-5kb,3558,3408,0.9578,Circle-Map
human_U_10000,rep2,sequencing_50X,CircleMap,1-5kb,3574,3411,0.9544,Circle-Map
human_U_10000,rep3,sequencing_50X,CircleMap,1-5kb,3562,3410,0.9573,Circle-Map
human_U_10000,rep1,sequencing_50X,CircleMap,5-50kb,361,338,0.9363,Circle-Map
human_U_10000,rep2,sequencing_50X,CircleMap,5-50kb,326,298,0.9141,Circle-Map
human_U_10000,rep3,sequencing_50X,CircleMap,5-50kb,354,335,0.9463,Circle-Map
human_U_10000,rep1,sequencing_50X,CircleMap,>50kb,277,251,0.9061,Circle-Map
human_U_10000,rep2,sequencing_50X,CircleMap,>50kb,274,246,0.8978,Circle-Map
human_U_10000,rep3,sequencing_50X,CircleMap,>50kb,242,219,0.905,Circle-Map
human_U_10000,rep1,sequencing_50X,ecc_finder,<1kb,5804,2224,0.3832,ecc_finder
human_U_10000,rep2,sequencing_50X,ecc_finder,<1kb,5826,2283,0.3919,ecc_finder
human_U_10000,rep3,sequencing_50X,ecc_finder,<1kb,5842,2269,0.3884,ecc_finder
human_U_10000,rep1,sequencing_50X,ecc_finder,1-5kb,3558,1708,0.48,ecc_finder
human_U_10000,rep2,sequencing_50X,ecc_finder,1-5kb,3574,1637,0.458,ecc_finder
human_U_10000,rep3,sequencing_50X,ecc_finder,1-5kb,3562,1621,0.4551,ecc_finder
human_U_10000,rep1,sequencing_50X,ecc_finder,5-50kb,361,162,0.4488,ecc_finder
human_U_10000,rep2,sequencing_50X,ecc_finder,5-50kb,326,138,0.4233,ecc_finder
human_U_10000,rep3,sequencing_50X,ecc_finder,5-50kb,354,128,0.3616,ecc_finder
human_U_10000,rep1,sequencing_50X,ecc_finder,>50kb,277,157,0.5668,ecc_finder
human_U_10000,rep2,sequencing_50X,ecc_finder,>50kb,274,173,0.6314,ecc_finder
human_U_10000,rep3,sequencing_50X,ecc_finder,>50kb,242,158,0.6529,ecc_finder
