Tool,Dataset,Rep,Depth,Time_seconds,Memory_GB,CS_Internal_Time_seconds
CReSIL,ara_UMC_5200,rep1,sequencing_10X,13248.0,4.66,
CReSIL,ara_UMC_5200,rep1,sequencing_30X,22746.0,5.83,
CReSIL,ara_UMC_5200,rep1,sequencing_50X,28700.0,5.84,
CReSIL,ara_UMC_5200,rep2,sequencing_10X,13335.0,3.71,
CReSIL,ara_UMC_5200,rep2,sequencing_30X,24212.0,5.73,
CReSIL,ara_UMC_5200,rep2,sequencing_50X,31317.0,5.77,
CReSIL,ara_UMC_5200,rep3,sequencing_10X,13902.0,4.66,
CReSIL,ara_UMC_5200,rep3,sequencing_30X,24449.0,5.8,
CReSIL,ara_UMC_5200,rep3,sequencing_50X,32088.0,5.8,
CReSIL,human_23000,rep1,sequencing_10X,98594.0,8.17,
CReSIL,human_23000,rep1,sequencing_30X,187947.0,8.31,
CReSIL,human_23000,rep1,sequencing_50X,228937.0,12.0,
CReSIL,human_23000,rep2,sequencing_10X,97399.0,8.24,
CReSIL,human_23000,rep2,sequencing_30X,184765.0,8.24,
CReSIL,human_23000,rep2,sequencing_50X,230885.0,12.51,
CReSIL,human_23000,rep3,sequencing_10X,98562.0,8.16,
CReSIL,human_23000,rep3,sequencing_30X,181577.0,8.23,
CReSIL,human_23000,rep3,sequencing_50X,230574.0,11.82,
CReSIL,human_U_10000,rep1,sequencing_10X,47185.0,11.24,
CReSIL,human_U_10000,rep1,sequencing_30X,91563.0,12.0,
CReSIL,human_U_10000,rep1,sequencing_50X,123522.0,11.85,
CReSIL,human_U_10000,rep2,sequencing_10X,52344.0,11.35,
CReSIL,human_U_10000,rep2,sequencing_30X,89739.0,12.51,
CReSIL,human_U_10000,rep2,sequencing_50X,120064.0,12.84,
CReSIL,human_U_10000,rep3,sequencing_10X,45042.0,11.11,
CReSIL,human_U_10000,rep3,sequencing_30X,89252.0,12.04,
CReSIL,human_U_10000,rep3,sequencing_50X,118415.0,11.98,
CReSIL_HiFi,ara_UMC_5200,rep1,sequencing_10X,339.01,7.08,
CReSIL_HiFi,ara_UMC_5200,rep1,sequencing_30X,843.5,10.58,
CReSIL_HiFi,ara_UMC_5200,rep1,sequencing_50X,1273.96,12.01,
CReSIL_HiFi,ara_UMC_5200,rep2,sequencing_10X,339.46,7.36,
CReSIL_HiFi,ara_UMC_5200,rep2,sequencing_30X,805.5,11.37,
CReSIL_HiFi,ara_UMC_5200,rep2,sequencing_50X,1223.74,11.53,
CReSIL_HiFi,ara_UMC_5200,rep3,sequencing_10X,328.29,8.22,
CReSIL_HiFi,ara_UMC_5200,rep3,sequencing_30X,786.98,12.32,
CReSIL_HiFi,ara_UMC_5200,rep3,sequencing_50X,1208.27,12.36,
CReSIL_HiFi,human_23000,rep1,sequencing_10X,1674.18,19.46,
CReSIL_HiFi,human_23000,rep1,sequencing_30X,5587.0,20.99,
CReSIL_HiFi,human_23000,rep1,sequencing_50X,9031.0,20.89,
CReSIL_HiFi,human_23000,rep2,sequencing_10X,1742.11,18.18,
CReSIL_HiFi,human_23000,rep2,sequencing_30X,5450.0,20.12,
CReSIL_HiFi,human_23000,rep2,sequencing_50X,9272.0,21.55,
CReSIL_HiFi,human_23000,rep3,sequencing_10X,1768.11,18.59,
CReSIL_HiFi,human_23000,rep3,sequencing_30X,5373.0,21.51,
CReSIL_HiFi,human_23000,rep3,sequencing_50X,8994.0,20.59,
CReSIL_HiFi,human_U_10000,rep1,sequencing_10X,813.68,14.71,
CReSIL_HiFi,human_U_10000,rep1,sequencing_30X,1958.91,16.05,
CReSIL_HiFi,human_U_10000,rep1,sequencing_50X,3303.94,16.35,
CReSIL_HiFi,human_U_10000,rep2,sequencing_10X,762.34,14.29,
CReSIL_HiFi,human_U_10000,rep2,sequencing_30X,1992.29,15.67,
CReSIL_HiFi,human_U_10000,rep2,sequencing_50X,3323.85,16.49,
CReSIL_HiFi,human_U_10000,rep3,sequencing_10X,622.55,14.51,
CReSIL_HiFi,human_U_10000,rep3,sequencing_30X,1957.85,14.96,
CReSIL_HiFi,human_U_10000,rep3,sequencing_50X,3254.26,16.2,
CircleMap,ara_UMC_5200,rep1,sequencing_10X,215.34,2.21,
CircleMap,ara_UMC_5200,rep1,sequencing_30X,595.28,4.23,
CircleMap,ara_UMC_5200,rep1,sequencing_50X,834.8,7.0,
CircleMap,ara_UMC_5200,rep2,sequencing_10X,255.56,2.13,
CircleMap,ara_UMC_5200,rep2,sequencing_30X,516.32,4.03,
CircleMap,ara_UMC_5200,rep2,sequencing_50X,829.48,6.74,
CircleMap,ara_UMC_5200,rep3,sequencing_10X,262.8,2.13,
CircleMap,ara_UMC_5200,rep3,sequencing_30X,519.92,3.84,
CircleMap,ara_UMC_5200,rep3,sequencing_50X,873.17,6.4,
CircleMap,human_23000,rep1,sequencing_10X,317.23,12.99,
CircleMap,human_23000,rep1,sequencing_30X,594.25,12.89,
CircleMap,human_23000,rep1,sequencing_50X,808.75,13.4,
CircleMap,human_23000,rep2,sequencing_10X,319.73,12.13,
CircleMap,human_23000,rep2,sequencing_30X,585.19,12.35,
CircleMap,human_23000,rep2,sequencing_50X,818.48,12.32,
CircleMap,human_23000,rep3,sequencing_10X,286.31,11.67,
CircleMap,human_23000,rep3,sequencing_30X,558.25,12.94,
CircleMap,human_23000,rep3,sequencing_50X,772.17,12.96,
CircleMap,human_U_10000,rep1,sequencing_10X,685.52,11.66,
CircleMap,human_U_10000,rep1,sequencing_30X,1860.51,11.67,
CircleMap,human_U_10000,rep1,sequencing_50X,2868.12,13.5,
CircleMap,human_U_10000,rep2,sequencing_10X,637.55,11.67,
CircleMap,human_U_10000,rep2,sequencing_30X,1518.09,11.83,
CircleMap,human_U_10000,rep2,sequencing_50X,2781.14,13.54,
CircleMap,human_U_10000,rep3,sequencing_10X,622.99,11.66,
CircleMap,human_U_10000,rep3,sequencing_30X,1627.75,11.67,
CircleMap,human_U_10000,rep3,sequencing_50X,2393.59,13.6,
CircleSeeker,ara_UMC_5200,rep1,sequencing_10X,364.78,15.54,341.0
CircleSeeker,ara_UMC_5200,rep1,sequencing_30X,785.15,17.94,754.0
CircleSeeker,ara_UMC_5200,rep1,sequencing_50X,1275.95,19.61,1235.0
CircleSeeker,ara_UMC_5200,rep2,sequencing_10X,376.99,13.01,340.0
CircleSeeker,ara_UMC_5200,rep2,sequencing_30X,749.87,21.22,716.0
CircleSeeker,ara_UMC_5200,rep2,sequencing_50X,1167.86,20.38,1136.0
CircleSeeker,ara_UMC_5200,rep3,sequencing_10X,348.42,13.23,315.0
CircleSeeker,ara_UMC_5200,rep3,sequencing_30X,752.34,16.12,718.0
CircleSeeker,ara_UMC_5200,rep3,sequencing_50X,1210.4,19.68,1171.0
CircleSeeker,human_23000,rep1,sequencing_10X,6538.0,28.77,6528.0
CircleSeeker,human_23000,rep1,sequencing_30X,7514.0,33.16,7446.0
CircleSeeker,human_23000,rep1,sequencing_50X,10379.0,36.69,10295.0
CircleSeeker,human_23000,rep2,sequencing_10X,6074.0,25.51,6051.0
CircleSeeker,human_23000,rep2,sequencing_30X,8531.0,28.35,8503.0
CircleSeeker,human_23000,rep2,sequencing_50X,10169.0,38.34,10082.0
CircleSeeker,human_23000,rep3,sequencing_10X,5783.0,29.21,5768.0
CircleSeeker,human_23000,rep3,sequencing_30X,8279.0,30.52,8249.0
CircleSeeker,human_23000,rep3,sequencing_50X,10916.0,35.69,10842.0
CircleSeeker,human_U_10000,rep1,sequencing_10X,5438.0,24.44,5395.0
CircleSeeker,human_U_10000,rep1,sequencing_30X,6474.0,25.55,6427.0
CircleSeeker,human_U_10000,rep1,sequencing_50X,7119.0,25.81,7073.0
CircleSeeker,human_U_10000,rep2,sequencing_10X,5437.0,25.13,5388.0
CircleSeeker,human_U_10000,rep2,sequencing_30X,6447.0,26.69,6402.0
CircleSeeker,human_U_10000,rep2,sequencing_50X,7780.0,30.3,7735.0
CircleSeeker,human_U_10000,rep3,sequencing_10X,5480.0,25.06,5435.0
CircleSeeker,human_U_10000,rep3,sequencing_30X,6568.0,26.96,6524.0
CircleSeeker,human_U_10000,rep3,sequencing_50X,7576.0,26.83,7530.0
eccDNA_RCA,ara_UMC_5200,rep1,sequencing_10X,113.24,3.89,
eccDNA_RCA,ara_UMC_5200,rep1,sequencing_30X,276.92,4.85,
eccDNA_RCA,ara_UMC_5200,rep1,sequencing_50X,454.45,4.87,
eccDNA_RCA,ara_UMC_5200,rep2,sequencing_10X,116.0,4.03,
eccDNA_RCA,ara_UMC_5200,rep2,sequencing_30X,284.19,5.13,
eccDNA_RCA,ara_UMC_5200,rep2,sequencing_50X,440.94,5.0,
eccDNA_RCA,ara_UMC_5200,rep3,sequencing_10X,124.47,3.44,
eccDNA_RCA,ara_UMC_5200,rep3,sequencing_30X,282.78,4.57,
eccDNA_RCA,ara_UMC_5200,rep3,sequencing_50X,434.85,4.95,
eccDNA_RCA,human_23000,rep1,sequencing_10X,1449.56,13.49,
eccDNA_RCA,human_23000,rep1,sequencing_30X,2749.68,14.43,
eccDNA_RCA,human_23000,rep1,sequencing_50X,3987.0,14.55,
eccDNA_RCA,human_23000,rep2,sequencing_10X,1227.35,13.51,
eccDNA_RCA,human_23000,rep2,sequencing_30X,2491.38,13.72,
eccDNA_RCA,human_23000,rep2,sequencing_50X,4419.0,15.23,
eccDNA_RCA,human_23000,rep3,sequencing_10X,1487.0,13.07,
eccDNA_RCA,human_23000,rep3,sequencing_30X,2696.33,14.02,
eccDNA_RCA,human_23000,rep3,sequencing_50X,4225.0,14.77,
eccDNA_RCA,human_U_10000,rep1,sequencing_10X,619.53,12.84,
eccDNA_RCA,human_U_10000,rep1,sequencing_30X,1289.59,13.16,
eccDNA_RCA,human_U_10000,rep1,sequencing_50X,1841.43,13.21,
eccDNA_RCA,human_U_10000,rep2,sequencing_10X,665.03,12.39,
eccDNA_RCA,human_U_10000,rep2,sequencing_30X,1187.56,13.54,
eccDNA_RCA,human_U_10000,rep2,sequencing_50X,1785.33,13.72,
eccDNA_RCA,human_U_10000,rep3,sequencing_10X,644.83,12.49,
eccDNA_RCA,human_U_10000,rep3,sequencing_30X,1200.06,13.06,
eccDNA_RCA,human_U_10000,rep3,sequencing_50X,1849.97,13.08,
ecc_finder,ara_UMC_5200,rep1,sequencing_10X,343.64,1.96,
ecc_finder,ara_UMC_5200,rep1,sequencing_30X,966.96,6.32,
ecc_finder,ara_UMC_5200,rep1,sequencing_50X,1594.28,10.58,
ecc_finder,ara_UMC_5200,rep2,sequencing_10X,334.02,1.87,
ecc_finder,ara_UMC_5200,rep2,sequencing_30X,940.66,6.06,
ecc_finder,ara_UMC_5200,rep2,sequencing_50X,1636.24,10.14,
ecc_finder,ara_UMC_5200,rep3,sequencing_10X,351.2,1.78,
ecc_finder,ara_UMC_5200,rep3,sequencing_30X,1036.82,5.75,
ecc_finder,ara_UMC_5200,rep3,sequencing_50X,1565.95,9.63,
ecc_finder,human_23000,rep1,sequencing_10X,2064.61,10.84,
ecc_finder,human_23000,rep1,sequencing_30X,6378.0,33.01,
ecc_finder,human_23000,rep1,sequencing_50X,10831.0,55.32,
ecc_finder,human_23000,rep2,sequencing_10X,2128.92,11.39,
ecc_finder,human_23000,rep2,sequencing_30X,6497.0,34.68,
ecc_finder,human_23000,rep2,sequencing_50X,10858.0,58.13,
ecc_finder,human_23000,rep3,sequencing_10X,2175.14,10.78,
ecc_finder,human_23000,rep3,sequencing_30X,6411.0,32.82,
ecc_finder,human_23000,rep3,sequencing_50X,10815.0,54.99,
ecc_finder,human_U_10000,rep1,sequencing_10X,1009.04,8.98,
ecc_finder,human_U_10000,rep1,sequencing_30X,3131.14,16.04,
ecc_finder,human_U_10000,rep1,sequencing_50X,5277.0,26.89,
ecc_finder,human_U_10000,rep2,sequencing_10X,1055.32,8.83,
ecc_finder,human_U_10000,rep2,sequencing_30X,3247.02,16.33,
ecc_finder,human_U_10000,rep2,sequencing_50X,5142.0,27.39,
ecc_finder,human_U_10000,rep3,sequencing_10X,1044.13,8.82,
ecc_finder,human_U_10000,rep3,sequencing_30X,2891.65,15.32,
ecc_finder,human_U_10000,rep3,sequencing_50X,4636.0,25.67,
